Name,Gender
Anne Campbell (politician),Female
Mark Garnier,Male
Darren Henry,Male
Michael Gove,Male
Peter Grant (politician),Male
Alan Johnson,Male
Simon Burns,Male
Lorna Fitzsimons,Female
Nus Ghani,Female
Geoff Hoon,Male
Edward Leigh,Male
Tony McWalter,Male
Charlotte Leslie,Female
George Freeman (politician),Male
John Cummings (politician),Male
Huw Edwards (politician),Male
Patrick Mercer,Male
Kerry McCarthy,Female
Charlie Elphicke,Male
Sheryll Murray,Female
John Battle (politician),Male
Sarah Green (politician),Female
Alan Milburn,Male
David Johnston (British politician),Male
Rosemary McKenna,Female
Tom Levitt,Male
Doug Henderson (Labour politician),Male
David Mackintosh,Male
"David Chidgey, Baron Chidgey",Male
Jenny Chapman,Female
Daniel Kawczynski,Male
Aaron Bell (politician),Male
Rupa Huq,Female
Peter Gibson (politician),Male
Neil Gray,Male
Matthew Green (British politician),Male
Nick Harvey,Male
Chris Matheson (politician),Male
Robert Largan,Male
Scott Mann (politician),Male
Louise Haigh,Female
Crispin Blunt,Male
Alex Norris,Male
Bob Ainsworth,Male
David Marshall (British politician),Male
Christopher Fraser,Male
Dan Poulter,Male
Richard Holden (British politician),Male
David Lammy,Male
Nick Herbert,Male
John Mason (Scottish politician),Male
Albert Owen,Male
Paul Boateng,Male
Penny Mordaunt,Female
David Heyes,Male
Clive Efford,Male
Justin Madders,Male
Margaret Beckett,Female
Chris Grayling,Male
Michael McCann (politician),Male
Diane Abbott,Female
James Clappison,Male
"Henry Bellingham, Baron Bellingham",Male
Dawn Primarolo,Female
"Martin O'Neill, Baron O'Neill of Clackmannan",Male
Gerald Jones,Male
Stephen Pound,Male
Andrew Bowie (politician),Male
Jim Cunningham (politician),Male
Phillip Lee (politician),Male
Karen Lumley,Female
Adam Afriyie,Male
Roger Casale,Male
Jane Kennedy (politician),Female
Kate Osborne,Female
Tom Harris (British politician),Male
Gerald Howarth,Male
Alan Hurst (politician),Male
Bernard Jenkin,Male
Rebecca Pow,Female
Layla Moran,Female
Philip Hammond,Male
Sara Britcliffe,Female
Dan Norris,Male
Eric Joyce,Male
Edward Argar,Male
Stewart McDonald (politician),Male
Apsana Begum,Female
Archie Norman,Male
Stephen Doughty,Male
Simon Hart,Male
Luciana Berger,Female
Paul Beresford,Male
Kirsten Oswald,Female
Stephen Morgan (British politician),Male
Richard Page,Male
Ian Pearson,Male
Alice Mahon,Female
Mike O'Brien (British politician),Male
James Cran,Male
Julia Lopez (politician),Female
Simon Lightwood,Male
Tony Lloyd,Male
Sadiq Khan,Male
Lorraine Fullbrook,Female
Steven Paterson,Male
Julie Cooper (politician),Female
Ann Cryer,Female
Kim Johnson (politician),Female
Robert Courts,Male
Alistair Burt,Male
John Butterfill,Male
Ian Lucas,Male
Sheila Gilmore,Female
Stella Creasy,Female
Nick Clegg,Male
Tim Collins (politician),Male
Maria Miller,Female
Elliot Morley,Male
Margaret Ferrier,Female
Suella Braverman,Female
"John Hutton, Baron Hutton of Furness",Male
Sue Doughty,Female
"Keith Bradley, Baron Bradley",Male
Margaret Hodge,Female
Byron Davies,Male
Karl McCartney,Male
Ben Gummer,Male
Jo Platt,Female
Greg Clark,Male
Roger Mullin,Male
Jim Murphy,Male
David Gauke,Male
Andrea Jenkyns,Female
Helen Clark (British politician),Female
Peter Mandelson,Male
John Nicolson,Male
Mark Prisk,Male
David TC Davies,Male
Peter Hain,Male
Ian Lavery,Male
Ann Coffey,Female
Pat McFadden,Male
Sarah Olney,Female
Lilian Greenwood,Female
Julian Knight (politician),Male
Stewart Jackson,Male
Richard Drax,Male
Kim Leadbeater,Female
Andrea Leadsom,Female
Bob Blizzard,Male
Chris Bryant,Male
Tim Loughton,Male
Alistair Carmichael,Male
Brian Binley,Male
Phil Boswell,Male
Lorely Burt,Female
"Jack Cunningham, Baron Cunningham of Felling",Male
Andrew Bingham,Male
Oliver Dowden,Male
Edward Garnier,Male
Aidan Burley,Male
Tam Dalyell,Male
Chris Mole,Male
Eleanor Laing,Female
Dan Jarvis,Male
Eddie McGrady,Male
Stephen Ladyman,Male
Conor McGinn,Male
Charles Hendry,Male
Nick Hawkins (politician),Male
Sajid Javid,Male
John Gummer,Male
Ian Byrne,Male
James Purnell,Male
David Mowat,Male
Helen Liddell,Female
Jane Griffiths (politician),Female
Tobias Ellwood,Male
Patricia Gibson,Female
Harriet Harman,Female
Humfrey Malins,Male
Peter Bone,Male
Abena Oppong-Asare,Female
Louise Mensch,Female
Daisy Cooper,Female
Linda Perham,Female
Eric Martlew,Male
Alex Chalk,Male
Angela Browning,Female
Ian Paisley Jr,Male
Catherine McKinnell,Female
Ged Killen,Male
Louie French,Male
Danny Alexander,Male
Simon Baynes,Male
Jeremy Lefroy,Male
Richard Ottaway,Male
Wendy Chamberlain,Female
William Hague,Male
Jo Gideon,Female
Tom Pursglove,Male
James Grundy (politician),Male
Denis Murphy (British politician),Male
Jacqui Lait,Female
Paulette Hamilton,Female
Brian Donohoe,Male
Trudy Harrison,Female
Madeleine Moon,Female
David Morris (Conservative politician),Male
Emma Dent Coad,Female
Iain Duncan Smith,Male
Stephen Mosley,Male
Ken Purchase,Male
Hugh Bayley,Male
Stuart Anderson (politician),Male
Karen Buck,Female
David Davis (British politician),Male
Kevin Foster (politician),Male
Ben Bradshaw,Male
Dan Carden,Male
Kali Mountford,Female
Siobhan Baillie,Female
Martin Docherty-Hughes,Male
Ed Davey,Male
Marion Fellows,Female
Jimmy Hood,Male
Jackie Lawrence (politician),Female
John Hayes (British politician),Male
Colin Pickthall,Male
Richard Benyon,Male
Marco Longhi,Male
Harold Best,Male
Robert Halfon,Male
David Borrow,Male
Martin Caton,Male
Oliver Letwin,Male
Peter Dowd,Male
"William McCrea, Baron McCrea of Magherafelt and Cookstown",Male
Sam Gyimah,Male
Bridget Prentice,Female
Stuart Andrew,Male
Virginia Crosbie,Female
Richard Caborn,Male
Nicky Morgan,Female
John McNally (politician),Male
Damien Moore,Male
"Greg Barker, Baron Barker of Battle",Male
Clive Lewis (politician),Male
Sarah Champion,Female
Gareth Davies (English politician),Male
Nigel Evans,Male
"Lynda Clark, Baroness Clark of Calton",Female
Andrew Dismore,Male
Anne Milton,Female
Gordon Birtwistle,Male
Bob Blackman,Male
Tom Clarke (politician),Male
Ann Clwyd,Female
Andrew Griffith,Male
Valerie Davey,Female
Antony Higginbotham,Male
James Cartlidge,Male
Andrew Lansley,Male
"John Burnett, Baron Burnett",Male
John Glen (politician),Male
Claire Curtis-Thomas,Female
Alun Michael,Male
Wayne David,Male
Eric Forth,Male
Nigel Griffiths,Male
Mark Harper,Male
George Eustice,Male
"David Maclean, Baron Blencathra",Male
John Redwood,Male
Lucy Powell,Female
Luke Graham (politician),Male
Miriam Cates,Female
Jake Berry,Male
Brandon Lewis,Male
Julia Drown,Female
Ian Gibson (politician),Male
Stephen Hammond,Male
David Evennett,Male
Rehman Chishti,Male
Kerry Pollard,Male
Mims Davies,Female
Nickie Aiken,Female
Gareth Bacon,Male
Liam Byrne,Male
Robin Millar (politician),Male
Charlotte Nichols,Female
Harriett Baldwin,Female
Stephen Byers,Male
Alberto Costa (British politician),Male
Jonathan Evans (politician),Male
Caroline Flint,Female
Rachel Maclean (politician),Female
Chris Heaton-Harris,Male
Sarah Atherton,Female
Ray Powell (British politician),Male
David Chaytor,Male
Naomi Long,Female
Lyn Brown,Female
Sylvia Hermon,Female
Holly Lynch,Female
Gordon Banks (politician),Male
Jane Ellison,Female
Eddie Hughes (British politician),Male
John Howell (politician),Male
Shabana Mahmood,Female
Rosie Duffield,Female
Mike Gapes,Male
Steve Barclay,Male
Bob Laxton,Male
Angus MacNeil,Male
"Graham Evans, Baron Evans of Rainow",Male
Gareth Johnson,Male
David Lidington,Male
Maria Caulfield,Female
Dave Doogan,Male
"Susan Kramer, Baroness Kramer",Female
Brendan Clarke-Smith,Male
Ben Howlett (politician),Male
Graham Jones (politician),Male
Liz McInnes,Female
Laura Pidcock,Female
Dai Davies (politician),Male
Gordon Brown,Male
Siobhain McDonagh,Female
Jim Marshall (British politician),Male
"Richard Harrington, Baron Harrington of Watford",Male
Esther McVey,Female
Mark Jenkinson,Male
Richard Fuller (Conservative politician),Male
Barbara Keeley,Female
Patrick Grady,Male
George Hollingbery,Male
Bill O'Brien (British politician),Male
Liz Blackman,Female
Laura Moffatt,Female
Wendy Morton,Female
Sally Keeble,Female
Gordon Marsden,Male
David Blunkett,Male
David Burrowes,Male
Stuart Donaldson (Scottish politician),Male
John Heppell,Male
Joe Benton,Male
Jon Cruddas,Male
Richard Burden,Male
Michael Fallon,Male
Seema Malhotra,Female
Adam Holloway,Male
Steve Gilbert,Male
Emma Hardy,Female
Ben Lake,Male
Jim Devine,Male
Steve McCabe,Male
Lucy Allan (politician),Female
Carla Lockhart,Female
Stuart McDonald (Scottish politician),Male
Michael Meacher,Male
Margaret Moran,Female
David Clelland,Male
Victoria Atkins,Female
Johnny Mercer (politician),Male
"Richard Allan, Baron Allan of Hallam",Male
Willie Rennie,Male
Stephen Phillips (British politician),Male
Alistair Darling,Male
Mhairi Black,Male
Caroline Johnson,Female
Glenda Jackson,Female
James Duddridge,Male
Hazel Blears,Female
Helen Goodman,Female
Barbara Follett (politician),Female
Austin Mitchell,Male
Gregory Campbell (politician),Male
Tony McNulty,Male
Andrew George (politician),Male
Ranil Jayawardena,Male
Duncan Hames,Male
Terry Lewis (politician),Male
Caroline Ansell,Female
Sharon Hodgson,Female
Peter Lilley,Male
Ian Mearns,Male
Frank Cook (politician),Male
Stephen Flynn (Scottish politician),Male
Stephen Hepburn,Male
Kate Green,Female
Andy Love,Male
Joyce Quin,Female
Jo Cox,Female
Kevin Hughes (politician),Male
Victoria Borwick,Female
Eric Ollerenshaw,Male
Victoria Prentis,Female
Ian Levy,Male
Paul Girvan,Male
Fay Jones (politician),Female
Rob Flello,Male
Ivor Caplin,Male
John Barrett (Scottish politician),Male
Brooks Newmark,Male
Damian Hinds,Male
Nick Brown,Male
Philip Hollobone,Male
Chris Law,Male
Dehenna Davison,Female
Kenny MacAskill,Male
John McWilliam,Male
Mark Oaten,Male
Rebecca Harris,Female
"Frank Field, Baron Field of Birkenhead",Male
Jared O'Mara,Male
"Derek Foster, Baron Foster of Bishop Auckland",Male
Luke Evans (politician),Male
Neil Parish,Male
Gemma Doyle (politician),Female
"Paul Murphy, Baron Murphy of Torfaen",Male
Amanda Milling,Female
Ian Paisley,Male
Harry Cohen,Male
David Curry,Male
Damian Green,Male
Ed Balls,Male
Alan Campbell (politician),Male
Yvonne Fovargue,Female
Tony Colman (politician),Male
Charlotte Atkins,Female
Jack Lopresti,Male
Stephen Gethins,Male
Lisa Forbes (politician),Female
Jack Dromey,Male
Colum Eastwood,Male
Ian Austin,Male
Jim Dowd (politician),Male
Tristram Hunt,Male
Neil Gerrard,Male
Alan Mak (politician),Male
Neale Hanvey,Male
David Duguid (politician),Male
Sandra Gidley,Female
Tessa Munt,Female
Jim McMahon (politician),Male
Jesse Norman,Male
Kenneth Clarke,Male
Fiona Onasanya,Female
Judith Cummins,Female
Adrian Flook,Male
Colin Breed,Male
Parmjit Dhanda,Male
Mark Hendrick,Male
Willie Bain,Male
Stephen Kerr,Male
Seamus Mallon,Male
Chris Hazzard,Male
Rob Butler (politician),Male
Iain Coleman,Male
James Arbuthnot,Male
Quentin Davies,Male
Andy Reed (politician),Male
Sarah Newton,Female
Kemi Badenoch,Male
Ivan Henderson,Male
James Plaskitt,Male
Mickey Brady,Male
Amy Callaghan,Female
David Amess,Male
Vicky Foxcroft,Female
David Jones (Clwyd West MP),Male
Nic Dakin,Male
Wera Hobhouse,Female
Nick Hurd,Male
Elfyn Llwyd,Male
Stephen Metcalfe (politician),Male
Deidre Brock,Female
Graeme Morrice,Male
Chris Davies (Conservative politician),Male
Callum McCaig,Male
Mary Macleod,Female
Nadine Dorries,Female
Jonathan Lord,Male
Jonathan Gullis,Male
Harry Barnes (Labour politician),Male
Julian Brazier,Male
Shahid Malik,Male
Jim Cousins,Male
Eric Pickles,Male
Sue Hayman,Female
Yvette Cooper,Female
Angela Eagle,Female
Irene Adams,Female
Paul Daisley,Male
Alicia Kearns,Female
John Greenway (British politician),Male
Glyn Davies (politician),Male
Frank Doran (British politician),Male
Oliver Heald,Male
Peter Duncan (British politician),Male
Helen Morgan (politician),Female
Jeremy Corbyn,Male
Kit Malthouse,Male
Paula Barker,Female
Nigel Huddleston,Male
Leo Docherty,Male
Paul Farrelly,Male
Conor Murphy,Male
Alex Cunningham,Male
Roy Beggs,Male
Vicky Ford,Male
Adam Ingram (Labour politician),Male
Anneliese Dodds,Female
Michael Fabricant,Male
Vernon Coaker,Male
Mike Hancock (British politician),Male
John Bercow,Male
Chris Huhne,Male
Mark Hoban,Male
Alan Reid (politician),Male
Sarah Owen,Female
"Don Foster, Baron Foster of Bath",Male
Tom Cox (British politician),Male
Fabian Hamilton,Male
Jess Phillips,Female
David Hinchliffe,Male
Phil Hope,Male
Eric Illsley,Male
Jonathan Ashworth,Male
Mike Hall (British politician),Male
Mary Creagh,Female
Linda Gilroy,Female
Stephen Crabb,Male
Nigel Beard,Male
Guy Opperman,Male
Doug Naysmith,Male
Tania Mathias,Female
Nicola Blackwood,Female
Jeffrey Donaldson,Male
Stephen Hesford,Male
Ian Davidson (Scottish politician),Male
Ruth George,Female
Malcolm Moss,Male
Afzal Khan (British politician),Male
Alex Burghart,Male
Peter Atkinson (politician),Male
Darren Jones (politician),Male
Ian Liddell-Grainger,Male
Syd Rapson,Male
Rob Marris,Male
Mark Pritchard (politician),Male
Ruth Jones (politician),Female
Tony Baldry,Male
Win Griffiths,Male
Joy Morrissey,Female
Denis MacShane,Male
Jane Hunt (politician),Female
Maria Eagle,Female
Richard Bacon (politician),Male
Peter Pike (British politician),Male
Ashok Kumar (British politician),Male
Paul Goodman (politician),Male
Anne Main,Female
Nick de Bois,Male
Imran Ahmad Khan,Male
Toby Perkins,Male
Andrew Bennett (politician),Male
Julie Hilling,Female
Diana Johnson,Female
Norman Baker,Male
David Jamieson (British politician),Male
Iain McKenzie,Male
Jim Fitzpatrick (politician),Male
Joan Humble,Female
Jeremy Hunt,Male
Grahame Morris,Male
Imran Hussain (British politician),Male
Martin Linton,Male
Tracey Crouch,Female
Ross Cranston,Male
Jackie Doyle-Price,Female
Julie Morgan,Female
James Gray (British politician),Male
Khalid Mahmood (British politician),Male
Janet Dean,Female
Christine McCafferty,Female
Claire Hanna,Female
John Finucane,Male
Roger Berry,Male
Rebecca Long-Bailey,Female
Brian Mawhinney,Male
Guto Bebb,Male
Richard Graham (politician),Male
Paul Maskey,Male
Shaun Bailey (West Bromwich MP),Male
Gillian Keegan,Female
Bill Rammell,Male
Bob Neill,Male
David Howarth,Male
Julia Goldsworthy,Female
Russell Brown (British politician),Male
John Cryer,Male
Diana Organ,Female
Sarah Dines,Female
Drew Hendry,Male
Emma Little-Pengelly,Female
Robert Key (politician),Male
Mark Lazarowicz,Male
Graham Brady,Male
James Heappey,Male
Katherine Fletcher,Female
John Denham (politician),Male
Bill Esterson,Male
Ashley Dalton,Female
Richard Foord,Male
Jamie Cann,Male
Charles Kennedy,Male
Alan Brown (Scottish politician),Male
Piara Khabra,Male
Kevin Brennan (politician),Male
Chris Clarkson (politician),Male
Ivan Lewis,Male
Kwasi Kwarteng,Male
"Michael Martin, Baron Martin of Springburn",Male
Alex Davies-Jones,Female
Stephanie Peacock,Female
Richard Arkless,Male
Preet Gill,Female
Elisha McCallion,Female
Kevan Jones,Male
Nia Griffith,Female
Mike Crockart,Male
Michael Connarty,Male
Chris Pincher,Male
Robbie Moore (MP),Male
Peter Bradley (politician),Male
Mark Fletcher (politician),Male
Cherilyn Mackrory,Female
John Lyons (British politician),Male
Hugh Gaffney,Male
Jerome Mayhew,Male
Steve Brine,Male
Howard Flight,Male
David Mundell,Male
Andrew MacKinlay,Male
Calum Kerr,Male
Gordon Prentice,Male
Anthony Browne (politician),Male
Nick Raynsford,Male
Greg Mulholland,Male
Michael Ellis (British politician),Male
Jeffrey Ennis,Male
Tracy Brabin,Female
Andrew Percy,Male
Michelle Donelan,Female
Julie Kirkbride,Female
Jon Owen Jones,Male
Evan Harris,Male
Alan Keen,Male
Helen Hayes (politician),Female
Natalie Elphicke,Female
Colin Burgon,Male
"Brian Cotter, Baron Cotter",Male
Paul Bristow,Male
Paul Maynard,Male
"John McFall, Baron McFall of Alcluith",Male
Tom Greatrex,Male
Julie Marson,Female
Chris Philp,Male
Mike Penning,Male
Derek Conway,Male
Anne McIntosh,Female
Michael Clapham,Male
Peter Kilfoyle,Male
Carol Monaghan,Female
Andrew Murrison,Male
Paul Blomfield,Male
Joanna Cherry,Female
Vera Baird,Female
David Hamilton (British politician),Male
Olivia Blake,Female
Nigel Dodds,Male
Barry Gardiner,Male
Helen Grant (politician),Female
Mike Freer,Male
Karen Lee (politician),Female
Stuart Bell,Male
Annabelle Ewing,Female
Paul Marsden,Male
Bob Marshall-Andrews,Male
Pamela Nash,Female
Robin Cook,Male
Patricia Hewitt,Female
James Berry (barrister),Male
Terry Davis (politician),Male
Stephen Kinnock,Male
Ruth Cadbury,Female
Bill Olner,Male
Ian Cawsey,Male
Chris Loder,Male
Michael Howard,Male
David Nuttall,Male
Dawn Butler,Female
Chris Evans (British politician),Male
Anna Firth,Female
Mark Menzies,Male
Roger Gale,Male
George Galloway,Male
Lee Anderson (British politician),Male
Margaret Curran,Female
Ronnie Campbell,Male
Marcus Fysh,Male
Allan Dorans,Male
Julie Elliott,Female
Francis Maude,Male
Meg Munn,Female
Fleur Anderson,Female
Gillian Merron,Female
Boris Johnson,Male
Matthew Pennycook,Male
Philip Davies,Male
Tom Brake,Male
Lucy Frazer,Female
Bambos Charalambous,Male
Taiwo Owatemi,Female
Andrew Lewer,Male
John Hume,Male
Gloria De Piero,Female
Geoffrey Clifton-Brown,Male
James Davies (politician),Male
Neil Coyle,Male
James Daly (English politician),Male
Tasmina Ahmed-Sheikh,Female
Michelle Gildernew,Female
Barry McElduff,Male
Archy Kirkwood,Male
Mike Hill (British politician),Male
Ben Bradley (politician),Male
Patsy Calton,Female
John Leech (politician),Male
Debbie Abrahams,Female
Denzil Davies,Male
Thomas Docherty (politician),Male
Fiona Mactaggart,Female
James Morris (British politician),Male
Colleen Fletcher,Female
Simon Clarke (politician),Male
Rachel Hopkins,Female
David Laws,Male
Bill Grant (politician),Male
Lesley Laird,Female
Annette Brooke,Female
Pat Doherty (politician),Male
Paul Masterton,Male
Francie Molloy,Male
Melanie Johnson,Female
"George Foulkes, Baron Foulkes of Cumnock",Male
Kate Osamor,Female
Paul Keetch,Male
George Mudie (politician),Male
Stephen Dorrell,Male
Hilary Armstrong,Female
Jim McGovern (British politician),Male
Richard Burgon,Male
Bim Afolami,Male
Anne McLaughlin,Female
Mark Logan (politician),Male
Patrick Hall (politician),Male
Michael Ancram,Male
"Donald Anderson, Baron Anderson of Swansea",Male
Simon Fell (politician),Male
Patrick McLoughlin,Male
Lindsay Hoyle,Male
Gerry Adams,Male
Oliver Colvile,Male
Dan Byles,Male
Caroline Nokes,Female
Douglas Chapman (politician),Male
David Cameron,Male
"Angie Bray, Baroness Bray of Coln",Female
Greg Hands,Male
Stephen McPartland,Male
Des Browne,Male
Elliot Colburn,Male
Kevin McNamara (politician),Male
Nick Ainger,Male
Alison McGovern,Female
Colin Clark (politician),Male
Bridget Phillipson,Female
Cheryl Gillan,Male
Andrew Miller (politician),Male
Estelle Morris,Female
Rachael Maskell,Female
Kirstene Hair,Male
Michael Moore (Scottish politician),Male
Paul Clark (politician),Male
Cathy Jamieson,Female
Frank Dobson,Male
Alasdair McDonnell,Male
Paul Howell (MP),Male
Virginia Bottomley,Female
Martyn Jones,Male
Zac Goldsmith,Male
Kevin Hollinrake,Male
Christine Jardine,Female
John Pugh,Male
Gavin Barwell,Male
Robert Jenrick,Male
Bill Cash,Male
Chris Pond,Male
George Howarth,Male
David Lepper,Male
Huw Irranca-Davies,Male
"John Randall, Baron Randall of Uxbridge",Male
Peter Bottomley,Male
Andy Carter (politician),Male
"Nigel Jones, Baron Jones of Cheltenham",Male
Danny Kruger,Male
Roberta Blackman-Woods,Female
Tony Blair,Male
Martyn Day (politician),Male
Marcus Jones (politician),Male
Greg Knight,Male
Tahir Ali,Male
Andrew Pelling,Male
Brian Jenkins (politician),Male
Fiona Bruce (politician),Female
Órfhlaith Begley,Female
Sydney Chapman (politician),Male
Chris Green (politician),Male
Claire Perry O'Neill,Female
Liam Fox,Male
Douglas Alexander,Male
Neil Carmichael (English politician),Male
Robert Goodwill,Male
Andrew MacKay,Male
Flick Drummond,Male
Paul Holmes (Eastleigh MP),Male
Celia Barlow,Female
Menzies Campbell,Male
Alan Beith,Male
Holly Mumby-Croft,Female
James Murray (London politician),Male
Judy Mallaber,Female
Rosie Cooper,Female
Janet Anderson,Female
Lawrie Quinn,Male
Kevin Barron,Male
Kirsty Blackman,Male
Rosena Allin-Khan,Female
"Alan Howarth, Baron Howarth of Newport",Male
Gavin Newlands,Male
Julian Huppert,Male
Greg Pope,Male
Stephen O'Brien,Male
Navendu Mishra,Male
John Prescott,Male
Mark Field,Male
Jack Brereton,Male
John Penrose,Male
Kelvin Hopkins,Male
Oona King,Female
Christopher Chope,Male
Mark Fisher (politician),Male
Kate Kniveton,Female
John Healey (politician),Male
Helen Jackson (politician),Female
Mark Francois,Male
David Cairns (politician),Male
Mike Foster (Worcester MP),Male
Jessica Morden,Female
Harry Harpham,Male
Gerald Kaufman,Male
Peter Ainsworth,Male
Mark Durkan,Male
Peter Heaton-Jones,Male
Stephen Farry,Male
Caroline Lucas,Female
Kris Hopkins,Male
Andrew Bridgen,Male
Luke Hall (politician),Male
Nigel Adams,Male
Margaret Greenwood,Female
David Kidney,Male
Jonathan Edwards (Welsh politician),Male
David Heathcoat-Amory,Male
Justine Greening,Female
David Linden (politician),Male
Rushanara Ali,Female
Alan Duncan,Male
Fiona O'Donnell,Female
Angela Crawley,Female
Natalie McGarry,Female
Jonathan Djanogly,Male
Carolyn Harris,Female
Steve Baker (politician),Male
Lewis Moonie,Male
"Mark Lancaster, Baron Lancaster of Kimbolton",Male
Andrew Gwynne,Male
Thérèse Coffey,Female
Ben Everitt,Male
Kate Hoey,Female
James Brokenshire,Male
Tony Clarke (British politician),Male
Damian Collins,Male
Mary Glindon,Female
"Jean Corston, Baroness Corston",Female
Nick Gibb,Male
Jim Knight,Male
Chris Kelly (British politician),Male
Sarah Jones (politician),Female
Iain Luke,Male
Jo Johnson,Male
Simon Danczuk,Male
Sandra Osborne,Female
Paul Goggins,Male
Natascha Engel,Female
Sandy Martin (politician),Male
Simon Kirby,Male
Tim Farron,Male
Chris Leslie,Male
Margot James,Female
Andrew Jones (British politician),Male
George Osborne,Male
David Hanson (politician),Male
Adrian Bailey,Male
Jill Mortimer,Female
Theo Clarke,Female
Gwyn Prosser,Male
Robert Buckland,Male
Michael Foster (Hastings and Rye MP),Male
Anthony Mangnall,Male
Feryal Clark,Female
Priti Patel,Female
David Heath (politician),Male
James Cleverly,Male
Michael Mates,Male
John McDonnell,Male
Ian Blackford,Male
Anne McGuire,Female
Gill Furniss,Female
Patrick Cormack,Male
Owen Paterson,Male
Michael Lord,Male
Anna McMorrin,Female
Andy Burnham,Male
John Austin (politician),Male
Bill Etherington,Male
Jim Dobbin,Male
John Horam,Male
James Frith,Male
John MacDougall (British politician),Male
Chris Elmore,Male
Peter Kyle,Male
Steven Bonnar,Male
Mark Hunter (politician),Male
Kieran Mullan,Male
Heidi Allen,Female
Michael Jack,Male
Katy Clark,Female
Mark Pawsey,Male
Lisa Nandy,Female
Laura Farris,Female
Hywel Francis,Male
Susan Elan Jones,Female
Nick Boles,Male
Lisa Cameron,Female
Teresa Pearce,Female
Eddie O'Hara (politician),Male
Gregg McClymont,Male
Steve Double,Male
Paul Flynn (politician),Male
Alister Jack,Male
Brian Iddon,Male
Bruce George,Male
Julian Lewis,Male
Matthew Offord,Male
Tony Cunningham,Male
Hilary Benn,Male
John Lamont,Male
Florence Eshalomi,Female
Geoffrey Cox (British politician),Male
Brendan O'Hara,Male
Vince Cable,Male
Clive Betts,Male
Dominic Grieve,Male
Caroline Dinenage,Female
Douglas Carswell,Male
Alun Cairns,Male
Sylvia Heal,Female
Theresa May,Female
Stewart Hosie,Male
Roger Godsiff,Male
Saqib Bhatti,Male
Lia Nici,Female
Claire Coutinho,Female
Martin Horwood,Male
Anne Marie Morris,Female
Ruth Kelly,Female
Norman Lamb,Male
Lembit Öpik,Male
Lynne Jones,Female
Sally-Ann Hart,Female
Malcolm Bruce,Male
"Alan Haselhurst, Baron Haselhurst",Male
John Maples,Male
Graham Allen (politician),Male
Tonia Antoniazzi,Female
Paul Holmes (Chesterfield MP),Male
Ed Miliband,Male
Neil Hudson (politician),Male
Hilton Dawson,Male
Colin Challen,Male
Tommy McAvoy,Male
Chi Onwurah,Female
Sarah McCarthy-Fry,Female
Tessa Jowell,Female
Andrew Griffiths (politician),Male
Pauline Latham,Female
Tom Elliott (politician),Male
Jessica Lee,Female
Felicity Buchan,Female
Tim Boswell,Male
Peter Luff,Male
Keith Hill (politician),Male
George Kerevan,Male
Ronnie Cowan (politician),Male
Gagan Mohindra,Male
Nick Palmer,Male
Michael Portillo,Male
Fraser Kemp,Male
David Burnside,Male
Lynne Featherstone,Female
Dai Havard,Male
Simon Hughes,Male
David Anderson (British politician),Male
Tom Blenkinsop,Male
Janet Daby,Female
Mark Eastwood,Male
Duncan Baker,Male
Gwyneth Dunwoody,Female
Michael Dugher,Male
Seema Kennedy,Female
Scott Benton (politician),Male
Hannah Bardell,Female
Jeremy Browne,Male
Anne Begg,Female
Alan Meale,Male
Emma Lewell-Buck,Female
Andy McDonald (politician),Male
Adam Price,Male
Nigel Mills,Male
Kate Hollern,Female
Jason McCartney (politician),Male
Jamie Reed,Male
Heidi Alexander,Female
Ann McKechin,Female
Danny Kinahan,Male
Craig Mackinlay,Male
Paul Monaghan (politician),Male
Mike Amesbury,Male
David Crausby,Male
Parmjit Singh Gill,Male
Ruth Edwards,Female
Robert Jackson (Wantage MP),Male
Louise Ellman,Female
Martin McGuinness,Male
Liz Kendall,Female
Luke Pollard,Male
Simon Jupp,Male
John Hemming (politician),Male
Neil O'Brien,Male
Jo Churchill,Female
Ian Murray (Scottish politician),Male
Calum MacDonald (politician),Male
Peter Aldous,Male
"John Mann, Baron Mann",Male
Kim Howells,Male
"John Reid, Baron Reid of Cardowan",Male
Shona McIsaac,Female
Charles Clarke,Male
Geraint Davies (Labour politician),Male
Andrew Mitchell,Male
Matt Hancock,Male
David Miliband,Male
Nick Fletcher (politician),Male
Gordon Henderson (politician),Male
Melanie Onn,Female
Anne Moffat,Female
Jim Paice,Male
Andy King (British politician),Male
Beverley Hughes,Female
Ian McCartney,Male
Ann Keen,Female
Stephen Lloyd,Male
Siân James (politician),Female
Pat Glass,Female
Chris Mullin (politician),Male
Marsha de Cordova,Female
Samantha Dixon,Female
Philip Dunne (Ludlow MP),Male
Meg Hillier,Female
Helen Jones,Female
Mary Foy (politician),Female
David Drew (politician),Male
Jane Dodds,Female
Huw Merriman,Male
Tanmanjeet Singh Dhesi,Male
Ben Chapman (politician),Male
Karen Bradley,Female
John Grogan (politician),Male
Douglas Hogg,Male
Candy Atherton,Female
Peter Law,Male
Mike Kane,Male
John Baron (politician),Male
Andrew Hunter (British politician),Male
Simon Hoare,Male
Paul Burstow,Male
David Atkinson (politician),Male
Thangam Debbonaire,Female
Tom Hunt (politician),Male
Conor Burns,Male
